1,AVSAR SILK MILLS,"3049 TO 3055, 10th FLOOR ANNAPURNA TEXTILE MARKET",24ABOFA1327P1Z7,
2,RINKU TEXTILE,"2106, UPPER GROUND, RAGHUKUL TEXTILE MARKET",24FKJPS2602J1Z1,
3,HARI OM FASHION,G-2221 TO 2223 RRTM NEAR - RKLP SAROLI,24AGWPC6977G1ZV,
4,SHREE GANESH SILK MILLS ,3012- SOMESHWAR MARKET,24AEJPJ3195G1ZS,
5,NAVYA TEXTILES,"512, ASHOKA TOWER",24DXAPS5139A1ZR,
6,SHUBHAM SAREES,"G-15, SAI DARSHAN MARKET, ",24AFMPJ3614A2ZZ,
7,BHAVANI CREATION,"214, ASHOKA TOWER",24CLZPD0685G1ZT,
8,SHIVA CREATION,"183, SHREE MAHAVEER TEXTILE MARKET",24AAIPT022M1ZD,
9,ANJANI CREATION,"UG-1, RAJ MAHAL AC MALL, SITA NAGAR",24CXAPK5667A1ZR,
10,VALENTINE NX,"3013, SOMESHWAR MARKET",,
11,OSWAL SONS,"568, MILLENNIUM MARKET-2",2411FF02213G1ZS,
12,NISHITA PRINTS,"AA-23-24, RRTM SAROLI",,
13,SHREE SIDDHI SAREES,"H-1446, GROUND FLOOR, MILLENIUM MARKET",24ADKFS6158C1Z1,
14,SHIV CREATION,"250, ANMOL MARKET",24EDZPK5052A1ZI,
15,NIRAJ SILK MILLS,"F-11382, RKTM",24AEWPJ7941M1ZP,
16,NAMO SIDDHANAM TEXTILES,"C-3190, RKTM",24ADMPJ8706H1ZF,
17,KESHAV ENTERPRISE,U - 8115 RKTM,24AZBPK6866C1ZH,
18,B.N TEXTILES,"333, MILLENNUM MARKET-2",24ADQPC8025Q1Z3,
19,JAY LAXMI PRINT,"G -1 VENTURA TEXTILE HUB, NEAR SAI KHATI MARKET",24AXXPK6730F1Z6,
20,SHREE MEHNDIPUR SILK MILLS,"3490, RAGHUKUL MARKET",24AEFPA1080D1ZC,
21,SIMRAN CREATION,"G-2, KUBERJI TEXTILES PARK-2",24ABVPK6170D1ZJ,
22,CHANDRA TEX,"BLOCK NO. 10/1, KHATODRA IND. CO, B/H SUB JAIL, KHATODRA",,
23,SUDARSHAN SILK MILLS,"3001 TO 3004, JAY SHREE RAM MARKET",24ACRPM0848B1ZQ,
24,REAL CHOICE,"538, SILK CITY MARKET",,
25,UTSAV SAREES,"26, MILLENNIUM MARKET -2",,
26,KALP FASHION,O - 28 BOMBAY MARKET,,
27,AMBEY SYNTHETICS,"342-343, 3RD FLOOR, MILLENNIUM MARKET-2",,
28,MAMTA LAXMI SAREES PVT. LTD ,L-1490 MILLENNIUM MARKET,24AAGCM4248P1Z1,
29,ASHISH CREATIONS,828- MILLENNIUM MARKET -2,,
30,MANJU CREATION,"2113, ABHISHEK MARKET",,
31,ORANGE KNITT FAB,"2004 TO 2011, GAUTAM MARKET",24AWJPM1947M1Z4,
32,SHREE PUSHPMALA SILK MILLS,"4011, 3rd FLOOR GOLWALA",,
33,VEDANSHI FABRICS,"113, DE VENTURA TEXTILE MARKET, NR. SAI KHATI MARKET RINGROAD",24CITPM4338N1ZJ,
34,AMBAJI SAREES,"A-523 RAJ TOWER, SAROLI",24BZKPV7581H1Z0,
35,VINAYAK SAREES ,"603, ABHINANDAN TEXTILE MARKET",,
36,MEENA FASHION,"MEENA HOUSE, 3/2801, DORIYAWAD, SALABATPURA",24ABCFM4747M1ZZ,
37,SHREE MAHALAXMI PRINT,"401, SONIGIRA COMPLEX NAWABWADI BEGUMPURA",24AELPC0635E1Z3,
38,SUNIL SILK MILLS,"D-2127, RRTM , SAROLI",24AACHP5223J1ZB,
39,VIRA FASHION,"B-8, SURAT TEXTILE MARKET",24AAMPB8926E1ZT,
40,NAVYA TEXTILES,"A-6 NEW ADATIYA HOUSE , MALI NI WADI, SALABATPURA",,
41,BALAJI INTERNATIONAL,"501, UPPER GROUND, HTC MARKET",24ABEPG8068P1Z6,
42,AMBAJI SAREES,"D-2002, NEW T.T MARKET",24ABLFA2723Q1Z6,
43,PARK CREATION,"Z-2188, SURAT TEXTILE MARKET",24BRCPM2554B1ZA,
44,MEET FABRICS PVT. LTD,"A - 501 RAJ TEXTILE TOWER, SAROLI",,
45,KARNI PRINTS,I-3301 SURAT TEXTILE MARKET,24AUCPS8539A1ZO,
46,HARSHITA SILK MILLS,"U-2, SOMESHWAR MARKET",24AFAPA6807N1ZL,
47,VIKAS SILK MILLS,"502, SIDDHI VINAYAK TEXTILE HOUSE",24DVYPS2667R1Z5,
48,VRIDDHI FASHION,"2004, ARIHANT MARKET",,
49,ARIHANT INTERNATIONAL,"2179, MILLENNIUM -4",24ADAPS6333F1ZR,
50,OM SHIV ENTERPRISE,"C-430 TO 432, NEW BOMBAY MARKET",24AACPZ5714A1ZZ,
51,B.M TEXTILES,"2037, VARDHMAN MARKET, MOTI BEGAMWADI",24CAHPM0620F1Z8,
52,VEER VATIKA PRINTS,"U-2223, SURAT TEXTILE MARKET",,
53,JAINAM CREATION,"U-16,  SAI DARSHAN MARKET",24ILYPK6044R1ZX,
54,SHAKTI SILK MILLS,"2015, SAI KRUPA MARKET",24ABBPB7997D1ZR,
55,SWASTIK TEXTILES,"2358, GLOBAL TEXTILE MARKET",,
56,DURGA CREATION,"6011, SOMESHWAR MARKET",24AANFD7292C1ZE,
57,KRISHNA SILK MILLS,"1013, HTC MARKET",,
58,BALAJI CREATION,"B-1066, RRTM, SAROLI",24JBJPK8479L1ZP,
59,KRISHNA FABRICS,"45, NARAYAN IND.ESTATE, AANJANA FARM",24AAUFK1678G1ZY,
60,LC ENTERPRISE,"102, DADU MARKET, OPP. JAY MAHAVEER MARKET, TEMPO GALI",,
61,SIDDHSHREE SAREES,"305, MILLENNIUM MARKET-2,",,
62,B.MOHAN ENTERPRISE,"303, HARI OM MARKET",,
63,VIKRAM CREATION,"105, AASTHA TEXTILE TOWER",24AAQPJ7045B1ZU,
64,JHANVI FASHION,8114- AVADH TEXTILE MARKET,,
65,ARCHANA INTERNATIONAL,"1002, 1st FLOOR, PUJA TEXTILE MARKET,B/H SHREEJI TEXTILE MARKET",24APXPS3531G1ZJ,
66,SIDDHANT PRINT,"D-2004, NEW T.T TOWER",,
67,SANGEETA PRINTS,"517, HTC MARKET-1,",,
68,VIDHATA SILK MILLS,"H-14, UNDER GROUND, NEW T.T TOWER",,
69,DHANNA EXPORT,"J-1738, GLOBAL TEXTILE MARKET",,
70,SAURABH TEXTILE,"714, MILLENNIUM-2",24AAYPN9510A1ZN,
71,SUKANYA FASHION,"A-1078, RAGHUKUM MARKET",24CDXPS9070E1ZW,
72,AANYA KIRAN FABRIZONE,"526, HTC-2,",,
73,HARI OM SILK MILLS,"722, MILLENNIUM-2",24ARDPM3181C1Z7,
74,SAKSHI PRINTS,"3011 TO 3019, ANMOL MARKET",24ABEPM9879Q1ZL,
75,DIVY BHARTI TEX CO FAB,"L-1658, MILLENNIUM MARKET",24AAQFD9746A1ZC,
76,S. SANIA SUITS,"Y-56, LAXMINARAYAN IND. UDHNA",,
77,MAJISAA KRUPA FASION,"2047, T.T MARKET",24BFAPR7581H1Z7,
78,VIDHATA SILK CREATION,H-14 NEW T.T MARKET,,
79,DESIGN HOUSE,G-150 TO 158 LAXMINARAYAN IND.,,
80,SHREEJI FABRICS,"2296, GLOBAL TEXTILE MARKET",24IVYPS5707K1ZJ,
81,SHIV SAGAR SILK MILL,"B1-1015, REGENT MARKET",,
82,SHIVA TEXTILE,"D-65, ABHISHEK TEXTILE MARKET",24IBIPS7720C2ZJ,
83,GOURI FASHION,"221, ABHINANDAN MARKET",24CKCPS8171C1Z6,
84,SARTHI SILK,"716, MILLENNIUM-2",24BXIPR6785B1Z6,
85,MR FASHION,"C-4278, RAGHUKUL TEXTILE MARKET",24AHHPJ5345F1ZJ,
86,RITU TEXTILE,"1072, ABHISHEK MARKET",,
87,K D FABRICS,A-5068 GLOBAL TEXTILE MARKET,,
88,GTF FASHION,"B-2, 2021 REGENT MARKET",24ABEPG7779B1ZR,
89,H.P SAREES,"529, JASH MARKET",24AHCPM3282H1ZH,
90,RADHIKA FAHION,"54, SILK CITY MARKET",24AAZFR4926P1Z6,
91,MAHAVEER FASHION,"114 TO 119, ARIHANT MARKET",,
92,RIDDHI TRENDS,"PLOT NO.46, SHREE SURYAPUR IND, AHVINI KUMAR ROAD",24BCQPS7300M1Z1,
93,SHUBH SHREE TRENDZ,"319, 3rd FLLOR KOHINOOR HOUSE",24AEIFS2491D1Z3,
94,NAVDARSHAN FABRICS,X-1156 SURAT TEXTILE MARKET,24AFLPM1406Q1Z7,
95,BHAGYALAXMI SIL MILL,"4063, GOLWALA MARKET",,
96,POOJA PRINTS,"713, ABHISHEK MARKET",24ABOPA0966A1Z6,
97,BANSI SILK MILLS,"3161, AADARSH -1,",,
98,SIYARAM FASHION,"A-504, GROUND FLOOR, ASHIRWAD TEXTILE MARKET",24AEJFS5682R1Z2,
99,SANTOSH INTERNATIONAL ,"5034, SHREE MAHAVEER TEXTILE MARKET, SAROLI",24AAIPC1881B1ZA,
100,SHREE SALASAR TEXTILE,"C-1222, GLOBAL TEXTILE MARKET",24AGVPR4255K1ZP,
101,HRIDAY SILK MILLS,"5641 TO 5646, UPPER GROUND, GLOBAL TEXTILE MARKET,",24AAKFH5708G1ZG,
102,MONIKA SILK MILLS,"734, MILLENNIUM-2,",,
103,RADHEY PRINTS,"C-1298, LIFT NO.15, RAGHUKUL TEXTILE MARKET",24AAEHK6925Q1ZP,
104,LOVKUSH ENTERPRISE,"7181, MILLENNIUM-4",24AWSPB3993M1ZW,
105,KANAIYA TRADING,"A-523, RAJ TEXTILE TOWER",24AGTPR3898N3Z4,
106,MAROTHIA TEX,"610, MILLENNIUM -2",24ACUPM835K2ZU,
107,BHAGWATI CREATION,"3083, ADARSH MARKET-1,",24CIWPB5847A1ZA,
108,RARANI TEXTILE,"1060, GOLWALA MARKET",24AJFPK6447D1ZE,
109,KRISHNKRUPA SAREE,"14, GROUND FLOOR, MILLENNIUM 2",24BSZPA3378K1Z6,
110,SHREE MATESHWARI FASHION,"96, BASEMENT- ABHISHEK MARKET",24AXJPM6704P1ZV,
111,PADMAPATI FASHIONS,"106, HTC MARKET",,
112,VANSH TEXTILE,"1072 TO 1074, ANUPAM TEXTILE MARKET,",,
113,BAPA SITARAM PRINTS,"317, ABHINANDAN MARKET,",24AAMFB7174J1Z5,
114,VIVEK FASHION,"137, ASHOKA TOWER",,
115,SHREE SHYAM TEXTILE,"2093, MILLENNIUM-4",,
116,SARDA SIL MILL,"4080, SHIV SHAKTI MARKET",,
117,ADITYA PRINT,"730, ABHISHEK MARKET",24AAKHM3561Q2ZM,
118,RAHUL FABRICS,"1004, SOMESHWAR MARKET",24AARPC5539P1Z5,
119,L.D FAB,"523 TO 530, SILK PLAZA MARKET,",24AZIPG6480F1ZE,
120,SIDHI CREATION,"111, SHIV SHAKTI IND, NR. MILLENIUM 4",24B9FPG6749P1ZB,
121,ISHWAR INTERNATIONAL,"1001, SHIV SHAKTI MARKET",,
122,NIRAMALA SAREES,"5708, RAGHUKUL MARKET",,
123,BHAGWATI ENTERPRISE,"209,UPPER GROUND ANNAPURNA MARKET",24CNJPR1172C1Z7,
124,DIVYAM NX,Q 3246 STM,24ABEPM9639A1ZS,
125,VENKTESH ENTERPRISE,"I-3663 TO 3666, RKTM",24AAPFV3714M1ZQ,
126,SIDHI VINAYAK TEXTILE,"A-209, TIRUPATI MARKET",,
127,VANMAYI FASHION,"322, KOHINOOR TEXTILE HOUSE",24BGKPJ8500M1Z7,
128,RADHEY FAB,"3488, GLOBAL TEXTILE MARKET",24AAFHR3535Q1ZP,
129,SAKSHI SAREES,"P 4815, MILLENNIUM -1",24ATFPG4200N1ZY,
130,HITESH TEXTILES,"141 TO 147, BASEMENT ASHOKA TOWER",24ACCPK5130H1Z2,
131,SAIRAJ TEXTILES,B-25 SHREE SAI DARSHAN MARKET,24BDEPD6450P1ZE,
132,JAY AMBE TEXTILES,"753, MILLENNIUM -2",,
133,PRIYA CREATION,"4061, AMBAJI MARKET",,
134,KISHAN KANHAIYA FASHION,"F-4766, 2nd FLOOR, LIFT NO.17, RAGHUKUL TEXTILE MARKET",24AAGHA2474J1ZF,
135,AMBAJI SAREES,"E-117, NEW T.T TOWER",,
136,SHREE SYNTHETICS,"T - 7049, RKTM",,
137,MAJISAA FAB ,"1325, GLOBAL TEXTILE MARKET",,
138,AADINATH TEXTILES,"1542, RKTM",24ASHPJ3147N2ZI,
139,MEENA TEX,"535, HARI OM MARKET",24ABGFM0607A1Z1,
140,SB CREATION,"607, RAGHUVEER TEXTILE MALL",24AHTPB9222H1ZB,
141,VED FASHION,"A2-2005, REGENT MARKET",,
142,NIKHIL TEXTILE,"1367, NTM ",24AJVPK6063D1Z2,
143,SHIV TEXTILE,"65, ABHISHEK MARKET",24IBIPS7720C2ZJ,
144,BABA SAI SILK MILLS,"3018, ABHISHEK MARKET",24ACMPS5531IZ4,
145,U P SILK MILLS PVT LTD,"2105, 2nd FLOOR MILLENNIUM-4",24AABCU1548D1ZQ,
146,VINOD IMPEX,"365, KOHINOOR TEXTILE MARKET",24ATNPK1441M3ZH,
147,NIKUNJ FASHION,"365, KOHINOOR TEXTILE MARKET",24AFJPK0351C1Z2,
148,PARV CREATION,"3021, SHREE SAI KRUPA MARKET",,
149,PADAMNATH FASHION,"3142 TO 3143, VANKAR TEXTILE MARKET",24AFPPJ7770N1ZP,
150,BALAJI FABRICS,"A-1025, RADHA KRISHNA LOGISTIC, SAROLI",24AAICB3668E1ZR,
151,RAMLALLA FASHION,"3035, MILLENNIUM-4",24ABDFR2930C1ZP,
152,S.B TEXTILES,"A-2012, ABHISHEK MARKET",,
153,VARSHA PRINT,"106, ARIHANT TEXTILE MARKET",,
154,METALLICA SILK MILLS,"4001, SOMESHWAR TEXTILE MARKET",24ATTPR6242B1ZK,
155,A.S TEXTILE,"6010, SHREE MAHAVEER TEXTILE MARKET",24ASDPR3030J1ZX,
156,PICASSA SAREE,"A-409, L.B. APPARTMENT, SALABATPURA",24CPOPP0708R1Z9,
157,PARAS SILK MILLS,,24OCPP3891E1ZY,9737281254
158,SHREE JEET FABRICS,"302, ANUPAM TEXTILE MARKET",24ACQPG4529G1ZL,
159,RAMDEV SILK MILLS,"F-3428 TO 3431, 3rd FLOOR, GLOBAL TEXTILES MARKET",24CCFPB1042N1ZY,
160,GOYMAA TEX FAB,"J-5679, GLOBAL TEXTILE MARKET",,
161,LUCKY FABRICS,J-2692 TO 2698 GLOBAL TEXTILE MARKET,,
162,SHEETAL FASHION,"3013, NEW RATAN MARKET",24AIXPL5781AI10,
163,ROYAL CREATION,"L-66, RADHEY MARKET",,
164,HARI TEX MANUFACTURE & TRADERS,"1410, GLOBAL TEXTILE MARKET",24CFQPC0996E1ZE,
165,WINDSON TEX,"4097 TO 4108, KOHINOOR MARKET",24BSDPK2438Q3ZD,
166,SHREE VINAYAK INTERNATIONAL,"2111, SHIV SHAKTI MARKET",,
167,R S TRADERS,"4/2645, AGRAWAL HOUSE, SHETRANJWAD, BEGAMPURA",24AIFPA1868B1ZV,
168,EVERGREEN CREATION,"512, ABHISHEK MARKET",24AAJHB0092A1Z0,
169,KHAITAN FASHION,"C-4444, KOHINOOR MARKET",,
170,KBJ TEXTILES,"A-658, KOHINOOR MARKET",24BKSPP6229D1ZX,
171,MATESHWARI PRINT,"B-3172, RAGHUKUL MARKET, RING ROAD",,
172,RANGPREET,"G-16, KOHINOOR TEXTILE HOUSE",24AAJCC9508P1Z3,
173,AADITI SAREES,"807, TRADE CENTER, B/H ASHOKA TOWER",,
174,AVADH SILK MILLS,"2014, SAI KRUPA MARKET",24BDTPK9088D1Z1,
175,DIP JYOTI,"3032, SHREE MAHAVEER MARKET",,
176,SHREE KRISHNA SILK MILLS,"425, MILLENNIUM-2",24AACHP4640R1ZS,
177,GOPAL FAB TEX,"524, MILLENNIUM -2",24AMNPR4889F1ZF,
178,VARUN SILK MILLS,"J-1751, RKTM",24AFBPG4263M1Z1,
179,VEERZEE SILK,"A-3002, RITURAJ TEXTILE MARKET",,
180,MEWAR KESARI CREATION,"28, SHREE KUBERJI SILK MARKET, B/H BOMBAY MARKET",24AOAPR0518N1ZX,
181,NUPUR FASHION,"5006, HTC MARKET",,
182,MANTHAN SILK MILLS,"516, ABHINANDAN MARKET",,
183,HITANSHI CREATION,"5139, MILLENNIUM -4",24BFBPS4557R1ZQ,
184,OM SAI FABRICS,"A-103, UDHNA COMMERCIAL COMPLEX",24BGLPP2543M1Z1,
185,KASTURI PRINT,"681, ABHISHEK MARKET",24AKCPM7922M1ZW,
186,AMARDEEP INTERNATIONAL,"C-111, NEW T.T MARKET",,
187,VINAYAK FASHION,"3009, VTM",,
188,NEEV CREATION,"4004 TO 4011, GAUTAM TEXTILE MARKET, RING ROAD",24BVNPA4474K1ZD,
189,SHREE KRISHNA PREMA FASHION,"607, 6th FLOOR, SHYAM SANGINI TEXTILE MARKET, PUNA KUMBHARIYA",24ACCPJ9803C1Z1,
190,GOKUL FAB,"5016 TO 5024, 5th FLOOR, SHREE MAHAVIR MARKET, PUNA KUMBHARIYA",24BMHPB9578E1ZY,
191,SURYA SAREES PVT LTD,"C-3485, KOHINOOR TEXTILE MARKET",,
192,VANDANA SALES CORPORATION,"M-2275, SURAT TEXTILE MARKET",,
193,MANVEEER TEXTILE,"13, SHREE SAI PLAZA, NEAR PRAMUKH PARK, DINDOLI",24DGYPS2766C1ZV,
194,NAG MANI,"C-37, RAJ TEXTILE TOWER,SAROLI",,
195,AMBIKA SILK MILLS,"2078, VTM",,
196,SHREE KRISHNA IMPEX,"125, MILLENNIUM -2",,
197,SARJU CREATION,"1047, SAI RAM MARKET",,
198,LALAN SHREE PRINTS,"1081, ABHISHEK MARKET",24AHKPK0097N1ZZ,
199,ANJANI FASHION,"1021, JAY RADHE MARKET",24ABMFA1478M1Z3,
200,RAKHI ENTERPRISE,"P-1098, STM",,
201,SUNSHINE FABRICS,"4057, KUBERJI WORLD, SAROLI",,
202,SHREE CHAMUNDA FAB,"222, SAGAR TEXTILE MARKET",,
203,SAMYAK FAB,"314, KOHINOOR HOUSE",24BACPS4295L1Z8,
204,SHIVOY SAREE,"C-3282, RAGHUKUL MARKET",24AVOPP5873H2ZZ,
205,L D FASHION,"523 TO 530, SILK PLAZA MARKET,",24AKVPG8225C1Z6,
206,DEV DARSHAN PRINT,"8083, MILLENNIUM-4",24AAVPB5880A1ZT,
207,SHREE LAXMI CREATION,"R-2115, STM RING ROAD",24AEFFS2619C1ZE,
208,HARSHINI SAREES,"A-6010, ASHIRWAD TEXTILE MARKET, SAROLI",24AASCS8222P1ZL,
209,SAWARIYA TRADING,"B-321, CAPITAL SQUARE, GODADRA",24ASIPC4365J1ZR,
210,DEV PRINTS,"1774, MILLENNIUM-1",24ABTPA0707A1ZE,
211,SHREE SHANTINATH SAREES,"5, SHREE KUBERJI SILK MARKET, B/H NEW BOMBAY MARKET",,
212,MADHUR PRINTS,"B-102, SHREE KUBERJI TEXTILE PARK, B/H JAPAN MARKET",24ABVPK6169N1ZR,
213,ROOP SHREE CREATION,"508 TO 513, CAR PARKING, STM",,
214,SHREE HARI CREATION,"750, ABHISHEK MARKET",,
215,GRACE EXPORTS,"2205-B, ROAD NO.2, SACHIN GIDC,",24AALFG3738L1Z3,
216,SHREE MAJEESA SILK MILL,"5144, RKTM",,
217,LAXMI FASHION,"723, ABHISHEK TEXTILE MARKET",,
218,BHAKTI CREATION,"111, SHIV SHAKTI IND, NR. MILLENIUM 4",24CURPP2532F1ZJ,
219,JASHBEER FASHION,"C-2433,KOHINOOR MARKET",24AANFJ2466N1ZV,
220,V-MORE FAB,"1073, T.T MARKET",24AERPJ5473P1ZP,
221,SHREE SHYAM PRINTS,"B-2182, RAGHUKUL MARKET",24AGQPG3068G1ZD,
222,KRISHNA TEXTILE,5006- SOMESHWAR MARKET,24JTIPK6021D1ZW,
223,VIJAY TEXTIL,"G-45, SHREE KUBERJI WORLD, SAROLI",24AFNPP0106N1ZD,
224,RESHMA SAREE,"L-4673, MILLENNIUM MARKET",24AHJPG0839R1ZY,
225,LAKSHYA FABRICS,"UG-15, RAGHUVEER BUSINESS EMPIRE, AAI MATA CHOWK, ",24AFFPJ7581M1Z0,
226,KISHORIJI SAREES,"B-3205, KOHINOOR TEXTILE MARKET",24AFSPS3736C1ZA,
227,YUKTI AN ETHNICAL,"B-21, CENTRAL PARK, PANDESARA",24AACFY0145L1Z7,
228,SHIVAM COLOURS,"70/1, ANAND MANGAL IND.,PAREKH ESTATE, UDHNA",24AWHPS1687C1ZG,
229,AKSHAY PRODUCTS,"7014, SHREE KUBERJI WORLD, SAROLI",24CUNPM8597H1ZT,
230,DARSHAN TEXTILE,"2A/213, MOTA KUBHARWAD, RUSTAMPURA",24AAJFD8153A1ZS,
231,SHIV MAHIMA SAREES,"8, GROUND FLOOR , MILLENNIUM - 2",24ADHPT0047J1ZJ,
232,NAVKAR NX,"U-511 TO 519, SALASAR TEXTILE MARKET, SAROLI",24BISPS6908Q1Z5,
233,ROOP RATAN SAREES,"L-2, 1st FLOOR, STM",24AFZPJ1041G1Z1,
234,VISHWANATH SILK MILL,F-3434 GLOBAL TEXTILE MARKET,,
235,MANPRIYA FASHION,"1047, ABHISHEK MARKET",,
236,JAYDEV PRINTS,"C-1254, RAGHUKUL MARKET",24AUVPA7501PZ8,
237,S.S TEXTILES,"5683, GLOBAL TEXTILE MARKET",24AAPHM1633J1Z3,
238,SHEELA SAREES,"3083, SHREE MAHAVEER MARKET, RINGROAD",24AANPC7282M1ZB,
239,VIKRAM SILK MILLS,"1273, NTM",24AAMPC2473R1ZB,
240,VEERANGANA SAREES,"1112, ABHINANDAN MARKET",24AGMPC7617D1ZO,
241,WAAH INDIA,"1074, T.T MARKET",24AJDPD5804B1Z0,
242,TARANG SAREE,"114, HTC MARKET",,
243,SHREE GAJANAND CREATION,"2044, ABHINANDAN MARKET",24ADKPJ6315Q1Z5,
244,PAWAN PUTRA TEXTILES,"H-1552, RKTM",,
245,DIRA FASHION,"F-5379, GLOBAL TEXTILE MARKET, OPP. NEW BOMBAY MARKET",24ABIPM2133K1ZS,
246,SUMAN CREATION,"325, TRADE CENTER, B/H ASHOKA TOWER",,
247,SHREE SHYAM SILK HOUSE,"B/3-2025, REGENT MARKET",,
248,SHAVILA,641- MILLENNIUM-2,24AQHPJ2537N1ZN,
249,V.DARSHAN SAREES,"505, ABHINANDAN MARKET",24ALOPR6103Q1ZI,
250,ASHA SALES CORPORATION,"C-107, NEW T.T MARKET",,
251,VINAYAK CREATION,"Z-3189, 2nd FLOOR, STM",24AIFPJ4900M1ZC,
252,KUBER EXPORTS,"C-408, NEW BOMBAY MARKET,",,
253,VIKESH SILK MILLS,"3077, SHIV SHAKTI MARKET",24AQGPP5212K1ZU,
254,SHREE SHYAM TEXTILE,"2093, 2nd FLOOR, MILLENNIUM-4",24AENFS5871G1ZM,
255,JAISAL SILK MILLS,"5026 TO 5034, HTC-2",24AAWPJ0644F1ZQ,
256,MANGLAM PRINTS,"D-2015, STM",,
257,SHRESHTH SILK MILLS,"6073, R.R.T.M, SAROLI",24AAMHA8614C1ZM,
258,MAN FASHION,"U-1013, SOMESHWAR MARKET",24ABGFM5102Q1Z4,
259,SHAKTI SILK MILLS,"E-4340, RKTM",24ADRPM5312P1Z2,
260,KAMINI CREATION,"120, MILLENNIUM-4",24ANRPK5171A1Z5,
261,AAHMI CREATION,"E-2315, RKTM",,
262,AMBAJI CREATION,"4152, MILLENNIUM -4",24AKEPM5674J1ZV,
263,CHAUDHARY TEXTILE,"1027, SHIV TEXTILE MARKET, MOTI BEGUM WADI",24AFRPC4074N173,
264,SAHIL PRINTS,"C-1131, MILLENNIUM-1",24CPQPS0267E2ZO,9558227002
265,VIKRAM FASHION,"B/3011, RKLP, SAROLI",,
266,KREEPA OVERSEAS PVT LTD,"B-82, CENTRAL PARK, PANDESARA",24AAECK8013C2Z0,
267,VIR MANIBHADRA SILK FABRICS PVT.LTD,"3055 TO 3063, AADARSH-2, RING ROAD",24AAGCV7244Q1ZO,
268,RAMDEV INTERNATIONAL,"4012, SOMESHWAR MARKET",,
269,PUSHPA CREATION,"189, SHREE MAHAVIR MARKET, RING ROAD",24ACIPS4511Q1Z6,
270,VASUNDHARA TRENDZ,"C-3505 TO 3510, KOHINOOR MARKET",24BOSPT1526F1ZR,
271,R.K ENTERPRISE,"5069, SHIV SHAKTI MARKET",24ACJPJ4187A1ZV,
272,LAXMINARAYAN FABRICS,"4014, ANMOL MARKET",,
273,KALPATRU FABRICS,"H-3391 TO 3394, MILLENNIUM-1",,
274,VENCY KNITT FAB,"385 TO 388, KOHINOOR MARKET",24AEGPJ7674B1ZM,
275,LEENA SAREES,"S-619, J J MARKET",24AIEPK8412E1ZM,
276,VARDHMAN FASHION,C-3043 ASHIRWAD MARKET,24ABAPJ4082E1Z4,
277,RAGHUPATI TEXTILES,"J-3745, RKTM",24AKEPK8601K1Z6,
278,PARAM FABRICS,"609, KOHINOOR TEXTILE HOUSE",,
279,SHREE LAXMINARAYAN SYNTHETICS PVT,"301 TO 319, SANGINI TEXTILE HUB -B, SAROLI",24AAPCS6012C1ZN,
280,ANJANI SILK MILLS,"559, MILLENNIUM-2",24AGFPB5405Q1ZE,
281,RADHA MADHAV TEXTILE,"651, UPPER GROUNT, NTM",24AEQPS5756R1ZB,
282,WINS FAB,H-2039 STM,,
283,PRATIK SILK MILLS,"F-2002, NEW T.T MARKET",24AAUFP4942L1ZL,
284,AMBAJI SILK MILLS,"2026, VARDHMAN MARKET",24ANTPA4505C1ZH,
285,SWASTIK CREATION,"C-3294, RAGHUKUL MARKET",24BDJPP0849K1Z8,
286,MANGAL SHREE CREATION,"214, KOHINOOR TEXTILE HOUSE",24ABRFM1499B1Z4,
287,KRISHNA FASHION,"649, NTM",24ABOPD9996K2ZT,
288,TISHA TEXTILES,"264, BHIDBHANJAN SOCIETY, BAMROLI",24AAHPC5905F1Z6,
289,AAA CREATION,"B-1, 4017, REGENT MARKET",24ADUPB6922D1ZP,
290,ANURADHA TEXTILES,"D-7, LAXMINARAYAN IND, BRC ROAD, UDHNA",24AADFA1484H1ZR,
291,SALONI SAREE,"304, PANDESARA GIDC",24ACTFS8399H1Z5,
292,SHREE JAGDAMBA FASHION,"1094, ANUPAM TEXTILE MARKET",,
293,AMBEY SAREE,"342, MILLENIUM-2",,
294,PRIYANKA FASHION,"2004, LEGEND MARKET",,
295,RADHIKA SILK MILLS,"466, MILLENNIUM-2",24AADHB4022Q1ZF,
296,ARVI FASHION,"G-18, RAJ TEXTILE MARKET, DINDOLI",24ABRPP4033A1ZY,
297,MAHADEV IMPEX,"F-116, SHIV KRUPA MARKET, RING ROAD",,
298,R.G SAREES,"5003, RRTM, SAROLI",,
299,SHUBH ARAMBH FAB,"A-503, SALASAR TEXTILE MARKET,SAROLI",,
300,ANITA FABRICS,"3005, SHREE MAHAVEER TEXTILE MARKET, SAROLI",24BDCPS6339G1ZG,
301,,,,
302,ANAND FASHION,"2028, ABHISHEK MARKET",,
303,OM PADMAVATI SAREES,"F-410, GLOBAL TEXTILE MARKET",24ANAPB7828G1ZB,
304,JHALAK ,"N-3763, MILLENNIUM-1,",24BTYPM2000G1ZT,
305,SAAWARIYA SAREES,"1437, KOHINOOR MARKET",24AAWHS3167C1ZW,
306,K K FABRICS,"3004 TO 3011, GAUTAM MARKET",24AAUHS7814L1ZD,
307,MAMTA SAREES,"183, SILK CITY, NEAR ABHISHEK MARKET",24AASPA3018N1ZO,
308,POOJA IMPEX,"4035, SHIV SHAKTI MARKET",24AELPG3090B2ZX,
309,DHANVARSHA TEX FAB,"F-5426, GLOBAL TEXTILE MARKET",24CDIPK3655G1ZK,
310,SHREE AANCHAL FABRICS,"2005, HTC MARKET",24ABIPJ5416C1Z4,
311,MAHAVIR FASHION,"B-3018, RAJ TEXTILE MARKET, B/H- DMD MARKET GODADRA",24ADOPS3535P2ZT,
312,SHIV CREATION,"250, ANMOL MARKET",24AEDZPK5052A1ZI,
313,SUN PRINT,"503, SAI RAM MARKET",24FXAPS0577J2Z5,
314,KARISHMA FASHION,"782 TO 787, RKTM",24AFZPD4952N1ZR,
315,MAHALAXMI TEXTILE,"214, ASHOKA TOWER",24BNOPR5289Q1ZS,
316,NIDHI TEXTILE,"1028, VANKAR TEXTILE MARKET",24AOBPG8226P1ZQ,
317,DAYARAM SILK MILLS,"I-1631, RKTM",24ABJPT9496P1ZE,
318,AVISKHAR,"6001, HTC-1",24ACFPP4935L1ZA,
319,KHATUSHYAM TEXTILE,"C-3211, RAGHUKUL MARKET",24GUNPS8230P1ZO,
320,SANSKRITI SYNTHETICS PVT LTD,"301, SHREE KUBERJI TEXTILE PARK, DELHI GATE",,
321,RUDRAX CREATION,"E-2638 TO 2652, RAGHUKUL MARKET",24AJJPK4882G1Z1,
322,IMPERIAL FABRICS,"210, LANDMARK, SAROLI",24AAHFI5528E1ZK,
323,MONIKA TEXTILES,"B-122, RKTM",24AKKPR5588E1ZQ,
324,SHALINI CREATION,"2038, AMBAJI MARKET",24BWAPK3774J1ZF,
325,SHREE SIDDHI SAREES,"D-4460, 2nd FLOOR, RAGHUKUL MARKET",24ATGPP3140F1Z0,
326,AHINSA SILK MILLS,"E-1, BASEMENT, NEW T.T MARKET",24AMBPT4651P1ZK,
327,THE RITA FASHION,"277, ADARSH-1",,
328,JAY DHANLAXMI TEXTILES,"4125, AMBAJI MARKET",,
329,SHREE SHYAM ENTERPRISE,"2020, ARIHANT TEXTILE MARKET",24AQWPB2909B1Z5,
330,SURUCHI FASHION,"4001, KOHINOOR MARKET",24ACXPG4546L1Z2,
331,ANANYA FASHION,"4001, KOHINOOR MARKET",,
332,RIDHI FAB DESIGNS PVT LTD,"C1-121, PANDESAEA GIDC",24AAHCR8565R2ZE,
333,RAJGURU FASHION,"2145, ABHISHEK MARKET",24AADPU5305R1Z9,
334,KARAN FAB,"EE-1, RRTM SAROLI",,
335,SHREE BALAJI FABRICS,"4011, SOMESHWAR MARKET",24ADRFS5466J1ZE,
336,CHANCHAL SAREES,"1001, ABHISHEK MARKET",24ASUPC6537C1ZS,
337,VEERA CREATION,"B-526 TO 5235, LANDMARK, SAROLI",,
338,VEERU SILK,"7, SAI KHATI HOUSE, UMARWADA",24ADIPS9785M1ZI,
339,KAVYA FABRICS,"3177, VTM",24AMMPC5807D1ZF,
340,TRIDEV CREATION,"116, MILLENNIUM-4",,
341,THREAD BUCKET STUDIO LLP,"A-15/4, SAI BABA TEMPLE ROAD NO.8, UDHNA",24AAKFT0982E1Z6,
342,MANVI PRINTS,"E-4265 TO 4268, MILLENNIUM-1",,
343,SHRESHTH IMPEX,"E-114, SHIV KRUPA",24AHCPD7789G1Z8,
344,AAYNA CREATION,"S-2126, J J MARKET",24ACYPC4891R1ZL,
345,V BHAWARSA,"X-1148, STM",24AASFV8776G1ZC,
346,MANN SAREE,"3011, T T TOWER",24AIVPJ0004C1ZU,
347,BAHUBALI SYNTHETICS,"E-676, RRTM",24BCBPM4292E1ZT,
348,VISHESH PRINTS,"A-3, 2010, REGENT MARKET",24AAYPJ7154L1Z0,
349,GURUVAR SAREES,"33, MILLENNIUM-4",24ACOPD6172E1ZR,
350,VASTRA VATIKA NX,"U-4, SOMESHWAR MARKET",,
351,RANGOLI SAREE,"J-1564, MILLENIUM-1",24CIVPS1705B1ZB,
352,KAUSHLA NX,"D-3085, RRTM, SAROLI",,
353,SAI RAM FABRICS,"B-182, KOHINOOR MARKET",24AEGFS1094A1ZE,
354,B M SILK MILLS,"2061, MAHAVEER TEXTILE MARKET",,
355,BRAND BAAJA BRIDE,"1334, STM",24AAVFB9180B1ZB,
356,SHREE TAX FAB,"U-8140, RKTM",,
357,CHAWLA HOUSE,"14/2036, FUDINAWADI, OPP PTM , AHARA DARWAJA",24AAPPC1987P1Z3,
358,MANOJ SILK MILLS,"5002, SOMESHWAR MARKET",24ABUPA7407L1ZF,
359,M R SYNTHETICS,"729, MILLENNIUM-2",24AADCM8108M1ZB,
360,KHATUSHREE PRINTS,"A-1036, RAGHUKUL MARKET",24AAUFK9386K1ZC,
361,VYANKTESH SILK MILLS,"1014, SHREEJEE MARKET, OPP- SILK CITY MARKET",24AFSPS3060B1ZJ,
362,SAHJANAND FABRICS,"1033, ANNAPURNA MARKET",24AMBPL6407B1ZN,
363,KRISHNA PRINTS,"D-2420, RAGHUKUL MARKET",,
364,BHARTI PRINTS,"2034, SALASAR TEXTILE MARKET,SAROLI",24GWEPS4015P1Z2,
365,KANKARIYA CREATION,"B-WING, 6003, RRTM, SAROLI",24AMBPK6026F1ZH,
366,SURYA NARAYAN TEXTILE,"F-1387 TO 1392, GLOBAL MARKET",24CPEPR1388M1ZD,
367,SHANTI SAREES,"2015, MAHAVIR MARKET",24BAQPM2366E1ZN,
368,SHREE MORE FASHION,"Z-1193, STM",24BIFPB4757H1ZF,
369,ANTARA ART,"201, BALAJI MARKET, OPP. GOLWALA MARKET",24AMZPS3720L1ZD,
370,SHREE RANISATI SAREES,"6001, LIFT NO.7, RRTM SAROLI",,
371,KESHAV PRINTS,"X-2158, STM",24AAXFK5091L1ZL,
372,MAHAVEER SAREES,"V-2144, STM",24AJOPJ6274G1ZZ,
373,THAKORJI SAREE,"306, DADU TEXTILE MARKET, B/H SOMESHWAR MARKET",24AOIPB8094F1ZZ,
374,GANESH SILK MILL,"E-1002, NEW T.T. MARKET",24AABHA9628P1ZY,
375,DEVANSHI DESIGNER,"3079, SHREE MAHAVIR TEXTILE MARKET",24AMGPJ1685A1ZG,
376,MRIDUL FASHION,"6005 TO 6008, MILLENNIUM-4",24BFTPS4037L1ZT,
377,SURAJ SILK MILL,"3015, 2nd FLOOR, GOLWALA MARKET",24ABOPC4588N1Z3,
378,J SONS,"H-16, MILLENNIUM -2",24AARPC5517H1ZS,
379,SAKSHI TEX FAB,"J-741, RKTM",24ALBPR1236M2Z2,
380,MAHUNANDAN TEX PVT LTD,"3001, SIDDHI VINAYAK TEXTILE HOUSE",,
381,DEV CREATION,"201, ANAND MARKET",24NVIPS2369A1ZB,
382,SANWARA SYNTHETICS,"611, MILLENNIUM-2",24ADDFS4012Q1ZY,
383,MIRACLE CREATION,"B-3142, RAGHUKUL MARKET",24ABRFM8559J1ZG,
384,LINIKSHA FASHION,"5117 TO 5124, MILLENNIUM-4",24AAJFL6269P1ZK,
385,ANJANA SAREE,"587, SHIV SHAKTI MARKET",24AFIPJ6360H1ZH,
386,CNG SAREES,"1009, GOLWALA MARKET",24ARSPJ7651B1ZQ,
387,VITTHAL CREATION,"A-2,2005, REGENT MARKET",24BOYPJ9390B2ZG,
388,BALAJI SILK MILLS,"109, SHANTI TEXTILE MARKET",24AMKPS8110R1ZE,
389,DHARAMRAJ SILL MILLS,"19, GOOD LUCK MARKET",24ADAPS6643L1Z9,
390,CLASSIC INDIA,"3015, SAI KRUPA MARKET",24AAVPJ2539C1ZR,
391,SHREE BADE BABA INTERNATIONAL,"E-2607, RAGHUKUL MARKET",,
392,LAJAMANI CREATION,"160, TIMES TRADE CENTER, CANAL ROAD",24CQZPB5307A1Z4,8980938963
393,VIDHI FASHION,"507 TO 512, JAY MAHAVIR MARKET",,
394,RADHIKA TEXTILES,"1093, MILLENNIUM-4",24AMHPS1172Q2Z1,
395,TANNU PRINTS,"2020, MAHAVIR MARKET",,
396,SILVER IMPEX,"2/810, HIRA MODI STREET,UDHNA DARWAJA",24ABGPG4329K1ZQ,
397,MEGHNA SILK MILLS,"520, JAY MAHAVIR MARKET",24AAWPJ4269L1Z0,
398,ANGEL EXPORT,"C-149, LAXMINARAYAN PARK, BRC, UDHNA",24ARIPK8704G1ZT,
399,K.KANHAIYA IMPEX,"A-2036 TO 2041, RKTM",24AAPPB2531E1Z9,
400,VISHAL TEXTILE MILLS,"D-4191, MILLENNIUM-1",,
401,PHOENIX APPS,GG,WVU28BF272192,
402,,,,
403,,,,
404,,,,
405,,,,
406,,,,
407,,,,
408,,,,
409,,,,
410,,,,
411,,,,
412,,,,
413,,,,
414,,,,
415,,,,
416,,,,
417,,,,
418,,,,
419,,,,
420,,,,
421,,,,
422,,,,
423,,,,
424,,,,
425,,,,
426,,,,
427,,,,
428,,,,
429,,,,
430,,,,
431,,,,
432,,,,
433,,,,
434,,,,
435,,,,
436,,,,
437,,,,
438,,,,
439,,,,
440,,,,
441,,,,
442,,,,
443,,,,
444,,,,
445,,,,
446,,,,
447,,,,
448,,,,
449,,,,
450,,,,
451,,,,
452,,,,
453,,,,
454,,,,
455,,,,
456,,,,
457,,,,
458,,,,
459,,,,
460,,,,
461,,,,
462,,,,
463,,,,
464,,,,
465,,,,
466,,,,
467,,,,
468,,,,
469,,,,
470,,,,
471,,,,
472,,,,
473,,,,
474,,,,
475,,,,
476,,,,
477,,,,
478,,,,
479,,,,
480,,,,
481,,,,
482,,,,
483,,,,
484,,,,
485,,,,
486,,,,
487,,,,
488,,,,
489,,,,
490,,,,
491,,,,
492,,,,
493,,,,
494,,,,
495,,,,
496,,,,
497,,,,
498,,,,
Total,399,,277,3
